;variable;value
0;mu1;0.30275598
1;mu2;90.47662
2;mu3;7.2868443
3;gamma2_1;0.002234017
4;gamma2_2;19.213972
5;sigma2;0.0010303922
6;alpha;15.785084
