;variable;value
0;mu1;0.30245996
1;mu2;90.46529
2;mu3;7.280476
3;gamma2_1;0.002281026
4;gamma2_2;19.501112
5;sigma2;0.0010230427
6;alpha;10.563804
