;variable;value
0;mu1;0.30227137
1;mu2;90.46508
2;mu3;7.23496
3;gamma2_1;0.002265706
4;gamma2_2;19.684826
5;sigma2;0.0010243286
6;alpha;14.149807
