;variable;value
0;mu1;0.30290294
1;mu2;90.52741
2;mu3;7.2838097
3;gamma2_1;0.0022439489
4;gamma2_2;20.376493
5;sigma2;0.0010251749
6;alpha;7.2424216
