;variable;value
0;mu1;0.30241325
1;mu2;90.43529
2;mu3;7.257739
3;gamma2_1;0.0022426792
4;gamma2_2;19.178942
5;sigma2;0.0010312422
6;alpha;13.257694
