;variable;value
0;mu1;0.30192548
1;mu2;90.429184
2;mu3;7.2190337
3;gamma2_1;0.0022675563
4;gamma2_2;19.486778
5;sigma2;0.0010235738
6;alpha;13.690763
