;variable;value
0;mu1;0.3021034
1;mu2;90.40793
2;mu3;7.2322135
3;gamma2_1;0.002285937
4;gamma2_2;19.861584
5;sigma2;0.001025367
6;alpha;12.984768
