;variable;value
0;mu1;0.30308336
1;mu2;90.54028
2;mu3;7.2967415
3;gamma2_1;0.0022664662
4;gamma2_2;20.922327
5;sigma2;0.0010252623
6;alpha;5.567487
