;variable;value
0;mu1;0.30283356
1;mu2;90.45662
2;mu3;7.277027
3;gamma2_1;0.0022783058
4;gamma2_2;18.951193
5;sigma2;0.0010250526
6;alpha;3.4659064
