;variable;value
0;mu1;0.30222023
1;mu2;90.4322
2;mu3;7.2485075
3;gamma2_1;0.002290525
4;gamma2_2;19.299438
5;sigma2;0.0010229613
6;alpha;2.7588286
